sample_id,text,toxic,category,notes
s0001,Yes,0,,
s0002,Oi,0,,
s0003,😡😡😡😡😡😡,1,,
s0004,❤,0,,
s0005,Ajju bhai speak 🗣️= Hi hi has dele rinkiya ke papa😅😂😁😉,0,,
s0006,Gyan bhai please 10000 ka redem code,0,,
s0007,Bahi granny c nikh jao 😂😂😂 pata nahi kitana part a gay granny ka😂😂😂,0,,
s0008,😊 Gyan bhai please 10000 ka redem code de do,0,,
s0009,Tital garrny ka baloon churaya 💀🌚,0,,
s0010,34:36 😅 jhut bolana sikho james bond se,0,,
s0011,Full respect gyan bhai ❤️ old legend,0,,
s0012,Ajju bhai aap noob ho Granny 3me Agar app slingshot marte ho to head se hi marte he dono 😂,1,insult,
s0013,soh gaye kya bhaiiii kahaan hoo 13 daysss,0,,
s0014,Ajju bhai poppy play time khelo,0,,
s0015,Mere Jese video ko cilen deka,0,,
s0016,You are my crush yarr 😢😊😊😊😊,0,,
s0017,Hello sir please pin,0,,
s0018,Hello😢,0,,
s0019,भाई मैं आपका ओल्ड सब्सक्राइबर हूं,0,,
s0020,Did bro just said l*uda casually,0,,
s0021,Gyan bhai Tumhare AWM ki yaad aa rhi hai 😢😭😭😭,0,,
s0022,Sab ko chutiya bana diya 😂50 million karva do 10 video aayegi ghanta bhi nahi aai 😂😂iska kam ban gaya ab tum moj karo,1,profanity,
s0023,Game ne rula diya bhai yr 😭😭😭😭😭💔💔💔💔💔💔,0,,
s0024,Ajju bhaiya vs sk Sabbir boss video ❤❤i am your big fan,0,,
s0025,❤,0,,
s0026,5:22 Did bro just said l*uda casually,0,,
s0027,Brothet please play ice cream 8,0,,
s0028,Bhai maine liya tha Naam techno mere ko laga tha ki aap khush ho gaye 😢 pr ap to gussa karne lage,0,,
s0029,Mai apka fan hu😢,0,,
s0030,Bhai pls yrr mt preshan kr ek game khelta hai to pura khtm kr bhai yeh kiya bakwas hai abhi tak 5part nhi dala wtf man maaan mar jata hai fir game dekhne ka,0,,
s0031,Vote for GTA v next video,0,,
s0032,❤❤❤🎉❤🎉🎉❤🎉❤🎉❤🎉❤🎉❤🎉🎉❤🎉❤🎉❤🎉❤🎉❤🎉🎉❤🎉❤🎉❤🎉❤🎉❤🎉❤🎉❤🎉🎉❤🎉❤❤🎉❤🎉❤🎉,0,,
s0033,Hello techno gamer bhaiya aap Palwal ki race mein kapde Laya ki Bollywood ki bahut acchi Hui Hai To fir aap khelo,0,,
s0034,Vote for next part 〽️,0,,
s0035,AP k Sath aur koon Hy kamry m,0,,
s0036,Old,0,,
s0037,Big fan bro,0,,
s0038,Vote for G T A. 5❤❤,0,,
s0039,Bhai ye new ujjwal bhai sirf paise ke piche jaraha he isko nahi padi hai fans ki sala promotion karta hai game ki GTA V ke video dalne ke liye nakre karta hai,0,,
s0040,😊😊😊😊,0,,
s0041,Slow-motion me bhi bicha vala hi tha 🤧,0,,
s0042,GTA 6 PLZZZ BIG FAN BROOOO,0,,
s0043,DRISYAM PART 1 AND 2 SEE MST H BHAIYO EK BARR JAROOR DEKHI 😅,0,,
s0044,Ajju bhai badal gay no free fire solo skod 😢😢,0,,
s0045,Haa,0,,
s0046,Love 💞 you,0,,
s0047,🎉 Hello bhai❤,0,,
s0048,I also want,0,,
s0049,Hi,0,,
s0050,❤❤,0,,
s0051,Noob noob noob noot,1,insult,
s0052,gayan bahi please reply,0,,
s0053,noob pro boys,0,,
s0054,Jai shree Ram,0,,
s0055,❤❤,0,,
s0056,Gta v,0,,
s0057,Bhai teri voice me dum nahi hai ladkiyon jaisi voice hai,1,insult,
s0058,Rai bhai kaha hai ❤❤❤❤,0,,
s0059,AJJU_Bhai_Me_Tarbh_Se_Dhai_walpae_Bhai_ke_Thkivi_😊😊,,,unclear
s0060,Fake,0,,
s0061,Death,,,unclear
s0062,Ajju bhai please esa come back kro ke log aapka come back dekh ke matlab ek dam dar jae❤️❤️🤭,0,,
s0063,Ajju Bhai free fire khelo ❤❤,,,
s0064,You are poty uchiha,,,
s0065,😊 hello Gyan bhaiya,,,
s0066,FREE FIRE VIDEO IN GUJARATI ❤,,,
s0067,Itna sab hai par badge99🫶🏻,,,
s0068,Bhi Apni awaz km kr KY character talk bi sun ny do,,,
s0069,Bhai big fan,,,
s0070,Ajju bhai noob hai 🤣🤣🤣😂😂,,,
s0071,ફ્રીફાયર ના વીડિયો નાખો તે મા તમારા વ્યુજ સારા આવે. તેમા તમારુ કમબેક થશે,,,
s0072,Bahut bada kaam kiya he bas aap gta me mat ayiyega me apko kabka unsubscribe kr chuka hi phir bhi apka video dekhne aya hu me chutiya hu or kya 😢😞,,,
s0073,Bhai ap Thora Kam bola karo bohot bolty ho,,,
s0074,❤❤❤❤,,,
s0075,Phone me khelsatahe kya,,,
s0076,GTA5,,,
s0077,Bolo Bhai,,,
s0078,❤❤❤❤,,,
s0079,Hmm❤❤❤❤❤,,,
s0080,First comment please 📌😊,,,
s0081,Itna noob banda kiu ata hai,,,
s0082,Gyan bhai 10000 ke redem code de do please,,,
s0083,Badhiya,,,
s0084,Ii,,,
s0085,GTA v next part video please,,,
s0086,Free to,,,
s0087,bahi gta video nikalo please,,,
s0088,Bhai gujarati gt5 lavo dab 🎉❤Gujarati😊,,,
s0089,Iska favourite character to bin zaid gaming 😅 hai,,,
s0090,❤,,,
s0091,agent 47 is best one hit and dead,,,
s0092,❤❤❤❤❤,,,
s0093,Lolipop,,,
s0094,Free fire game play video,,,
s0095,Why every time every every time my favourite character die in game first driver GTA V has three ending fast kill driver second kill Michael and third kill every enemy hair Morocco my favourite character,,,
s0096,Ajjubhai is Noob,,,
s0097,♥️♥️♥️,,,
s0098,177k noob😂,,,
s0099,Bhai gta5 ke naye video nahi dalne h kya kitne din ho gaye,,,
s0100,Please Kya halchal,,,
s0101,Badge 99 ❤❤❤😊,,,
s0102,😊😊,,,
s0103,Raister ka face reveal please,,,
s0104,Ajju bhai hu tamara video jovanu bandh kari didha chhe kem ke tame Free fier na video banvta tiyra lagi saru hatu have tame all game na video nakho chho to voting rakho Firre fier ke pachhe all game na Bhai free fier na muko have ame pan game ramvanu chhodi didhu tamri sathe 😢😢,,,
s0105,❤❤,,,
s0106,Bhai aise hi minecraft ko bhi yaad kar lo😅😅,,,
s0107,Bhaiiiiii he game ki koi bhi series hame nahi dekhni chahiye cause in future jab ham game khelenge to maja hi pura fucked up hoga 😢,,,
s0108,Langda ka accident me dimaag bhi ghaayal hua hoga 🧠🧠🧠🧠🧠🧠🦿🦿🦿🦿🦿🦿😂😂😂😂😂😂😂😂😂😂😂😂,,,
s0109,🎉🎉🎉🎉,,,
s0110,Yes please 🥺,,,
s0111,Gaming karte karte chor ban gaye 😅😅,,,
s0112,Helo Gyan bhai AAP free fair ko pahle jesa kiyu NAHI karba dete,,,
s0113,Hii,,,
s0114,GYAN BHAI JALDI SE RAISTAR BHAI KI BHI FACE REVEL LAO 😢,,,
s0115,❤❤❤❤❤,,,
s0116,Sab bakwas😂,,,
s0117,Gta 5 ko bhol gaye kya,,,
s0118,Lagta hai ajjubhai ne ganja fuk ke video banaya hai 😂,,,
s0119,Hloo Techno aaj aap game khel Rahe the mirage city usme mene apko mara or meri apse bada admi ban chuka hu,,,
s0120,Bhai please gas simulator ki video dalo please vote,,,
s0121,Hi,,,
s0122,AJJU BHAI ki GF be Like : YE MAYA KON HAI 😡 11:20,,,
s0123,Voice nhi aa rha hai,,,
s0124,Comment Section❌Vote center✅,,,
s0125,"Bonus clip aati he ye game me, wo reh gayi",,,
s0126,😢 miss you Ri bhi,,,
s0127,Ranch simulator ke liye sab vote karo please 🥺,,,
s0128,Winner takes it alllllllllllllllllll 💔😭,,,
s0129,Bhai gta v bhuul gaye kya,,,
s0130,Hello bhai AAP Badiya ho,,,
s0131,Ajjubegam pregnant button 👉,,,
s0132,Jay shree jagannath ❣️ bhai,,,
s0133,Bhai aap ke dost kaha gaye 😅,,,
s0134,Hay,,,
s0135,Bohat din ho gaye apka video dekhe 😅,,,
s0136,Bro pls play with me my user is malcom beast and profile is like black type pls,,,
s0137,Daily Dose Tha Mera😢😢,,,
s0138,Mera kaddu Le Lo mera kaddu,,,
s0139,Bhaiya herobrine SMP ka paath lao please hath jod raha hun,,,
s0140,Starting ❤❤❤,,,
s0141,Soonita mam itne dino bc baad ajju bhai ke sath 😅😅,,,
s0142,Gaya bhai kya aap mujhe ek PC gift Kar sakte ho Mera sapna hai youtuber banne ka aap mujhe jitne ki PC gift karoge uthne paise aap ko de dunga promise gayn bhai bahot ummid lekar aaya hu Gaya bhai 🙏,,,
s0143,Pairr tou raha hii nhiii 😂😂😂😂😂😂,,,
s0144,part 2 need bro & love from bangladash,,,
s0145,❤❤,,,
s0146,Kyu har gaye yaaar😭😭😭,,,
s0147,"Dosto iska kya iske abb followers hogye he isiliye isko ghemand agya he ab hrr bar ye gta5 ke vidio 1,2 mahine lagata he sab log ise unsuscribe krdo🤬🤬🤬",,,
s0148,Bhai kya matlab hai aapka pahle aapane Siri Shuru ki thi GTA v ki usne bhi aapane Kafi video Dale bahut sari Dale per aapane rok Diya FIR uske bad aapane pata nahin kaun si series Shuru ki vah bhi Apne band kar di abhi aapane 007 Shri Shuru ki usko bhi teen char episode mein rok Diya aisa nahin karna kyon dimag kharab kar rahe hain yah aap Jo game khelo gangster Mera City yah ek tatti game hai tatti samajhte Hain ap 🤬🤬🤬,,,
s0149,Jis gamene tere ko pochaya usko tune bhul gya noob 😂😂😂,,,
s0150,What next part,,,
s0151,Hello,,,
s0152,Kamal 2 he bhai 😊,,,
s0153,Hii,,,
s0154,Sky lord ❤,,,
s0155,Ulti duniya 😂😂,,,
s0156,ajju noob,,,
s0157,Gyan bhai kaise ho aap,,,
s0158,Ganpati Bappa morya ❤❤,,,
s0159,Nice giyan bhai 🎉🎉,,,
s0160,Abe lodu marlol 😂 khana kha raha hu or tu bosh rum dekha raha hai tujhe abhi an follow kar ta hu😅😢😢,,,
s0161,halw bhai,,,
s0162,op,,,
s0163,❤,,,
s0164,Hlo bhaii,,,
s0165,Please bhai gaming videos horror ku subscribe like maro ❤,,,
s0166,❤,,,
s0167,play assins creed but play from first part,,,
s0168,Bhai GTA V bhul gaye kya bhai uski bhi to video bnao 😢,,,
s0169,4:18 animators bhool gaye the ki budget kya hai😂😂,,,
s0170,Free fire kya video 👇,,,
s0171,Start karo gyan bhai,,,
s0172,Gta v next part video,,,
s0173,Part 6,,,
s0174,BHAI tPH ne jo kiya hai oagar mere sath kahta to mai nahi sahta Aur video thumbnail me photo jaise lagaya rota huya hath jodwaya hai mere sath aisa karta to mai uska channel hi mita deta Pata nahi app kaise sah le raho gyan bhai,,,
s0175,Freak noob chiti bajaye jaa rha 💔😭😭😭 22:26,,,
s0176,❤❤❤ ❤❤❤❤❤ ❤❤❤ ❤ ❤ ❤ ❤ ❤ ❤ ❤ ❤ ❤ ❤ ❤ ❤ ❤ ❤ ❤ ❤ ❤ ❤❤❤❤❤ ❤ ❤❤ ❤ ❤ ❤ ❤ ❤ ❤ ❤ ❤❤ ❤ ❤ ❤ ❤ ❤ ❤ ❤ ❤ ❤❤ ❤ ❤ ❤ ❤ ❤❤ ❤❤❤ ❤ ❤❤,,,
s0177,Play animo and palworld game,,,
s0178,Who think CID as vibe,,,
s0179,Seriously?? Hindi dub? Who wants this kind of chapri giri🤣,,,
s0180,Ok,,,
s0181,January please 10000 ka redeem code de do mere pass nahin Hai,,,
s0182,15 kill me 102+eroek ke renk me,,,
s0183,Ji,,,
s0184,Noob,,,
s0185,Bro play bhangrah the untold story,,,
s0186,hio,,,
s0187,End😂,,,
s0188,❤,,,
s0189,"Bhaiya, ek Minecraft video bhi dalo please Minecraft bhul gaye kya?",,,
s0190,Bhai ledki ne pehele usse prank kiya tha wo bura kiya uske dimag me wo rhe gayi,,,
s0191,​@likhith1603Ooii iss langdaii naii apnai pyaraii Binju bhaiii ko GALIII DIII haiii.... Aur tu auqaat mai rehh !!!!,,,
s0192,"Bhaiya, ek Minecraft video bhi dalo please Minecraft bhul gaye kya?",,,
s0193,Ajju bhai tho khelte khelte irritate ho gaye 🤣🤣,,,
s0194,18 : 04 par kya hi to free style player ban gae they aapo ❤😂,,,
s0195,Are bhaiya next video lao,,,
s0196,❤❤❤❤❤❤❤❤❤❤❤❤❤❤,,,
s0197,12:45 Yar gloves use karne chahiye the. Agar mein iski jaga hota to gloves ke baghair hath na lagata toilet seat ko.......,,,
s0198,"Bhaiya, ek Minecraft video bhi dalo please Minecraft bhul gaye kya?",,,
s0199,Kese ho aap,,,
s0200,Noob wali loby thi 😂,,,
s0201,Ajju Bhai aap mera dimag kharab karte ho yah tatti game dalkar me apka big fan hu par kya karu 😢😢aap harkat esi karte ho free fire par kitne view a rhe h ❤❤❤❤❤,,,
s0202,❤️,,,
s0203,Sabse faltu sabse bakwaas youtuber.... He is actually damaging a hell lot of a generation,,,
s0204,🎉🎉🎉🎉🎉🎉,,,
s0205,3:57 😅 tu mera bhai hain,,,
s0206,❤❤❤,,,
s0207,Face reveal ke baad ek baar bhi live nhi Kia kbhi live bhi kro,,,
s0208,Kon kon 007 light series ka 5 6th part chahta hein 14:50,,,
s0209,Skeleton ki tang ke bich mein rifle😂😂😂😂,,,
s0210,Bhai bore ho gaye hai abb video daal ek achii sii,,,
s0211,007 FIRST NIGHT NAHI DHURANDHAR TICK,,,
s0212,Apna parmanent dressep pahano❤❤❤😢,,,
s0213,G,,,
s0214,Gay 5 video,,,
s0215,Uid10878998197,,,
s0216,YouTube mein Hecker hi aa gaye❤❤,,,
s0217,Bured roked qjubhai roked,,,
s0218,♥️♥️♥️,,,
s0219,GAME KA PART 3 KAB BANAOGE,,,
s0220,❤,,,
s0221,Hii,,,
s0222,Please play Bhangarh the untold story horror 🎮 please,,,
s0223,Poppy playtime chapter 6 new video,,,
s0224,Noob 😂😂😂😂,,,
s0225,Techno bhai GTA v ❤game bhul gaye kya video hi nhi banare please bana rahe please bana do please,,,
s0226,Please bhaiya,,,
s0227,😢🎉😮😂😮😮😂😮,,,
s0228,Techno gamerz new game video hai please isko khelna jarur mortal horror game ek hotel hotel game hai but ismein motor likha pada hai but khelna jarur please kyunki meri Bus ki to kuchh nahin Hai khelne ki mujhe bahut se bahut dar lagta hai per main tumhari sari video dekhti hun❤❤❤❤😊😊😊😊,,,
s0229,Good,,,
s0230,Tatti pro harsh ki filding set karo 😂😂,,,
s0231,JO JO TECHNO GAMERS KO DIL SE CHAHA TA HAI WOH HI LIKE KARE,,,
s0232,Grand pistol is crazy,,,
s0233,Raistar nubra Hai mere Sath only on Karega Jaan bhai,,,
s0234,Bhai please gta videos laao,,,
s0235,❤❤❤❤,,,
s0236,Pal world ki videos 15 dalkar bhul gaye ho kya nai video Dal Do please,,,
s0237,Tecno bhai agla video live stream karna part 4,,,
s0238,Very nice Gangster Miraj City,,,
s0239,ajuu bai iam from pakistan big fan of you please support me aju bai plsese,,,
s0240,Hello,,,
s0241,Hi,,,
s0242,❤,,,
s0243,Me aapse hath jodkar vinti krta hu bhai pls free fire me vaps aa jao aap aapke bina game adhura he 😢,,,
s0244,Tum dono khel lo aapas me💀☠️,,,
s0245,Bhai jo tum gambling try kar wo cheat kar raha tha wo us ke haat me thi goti,,,
s0246,9:29 what the hell,,,
s0247,Yar socho agr ajju bahi 2025 ma face reveal kr ty tu wo Asia KY sab Sy bary YouTuber ho tu or un KY 50M + subscribers ho ty 😢😢 abhi bhi ho sak ty han agr old ajju bahi wapis a ja ya or shorts bhi da ly 😢😢,,,
s0248,Giyan bhi kiya pagalo jaisa game Kel rahe hoo year,,,
s0249,Bhai agli video kabh laaoge Tadap gaye hai,,,
s0250,Hiii bhai,,,
s0251,17:25 minutes bhai ki ID dikh gayi,,,
s0252,GTA V khelo,,,
s0253,Ajju bhai tum yrr noob ho,,,
s0254,Muje bahut achya lagraha he Big fyan❤,,,
s0255,🎉🎉🎉🎉🎉,,,
s0256,😂,,,
s0257,BHAI maja aavi gay,,,
s0258,Gyan Bhai custom bana rahe ho Na me ho mahi Bhai,,,
s0259,Wow,,,
s0260,Bhiya aapne bhout chaos bnaa dia iss video me iss game ka acctual me yeah nai ha aisa,,,
s0261,oye noob free fire mai custom lagale id name OG_GURNOORA dum hai aja,,,
s0262,Mer mobile password ka naam 1805 hai,,,
s0263,9053698967 mera uid hai mere pass koi bhi bundle nahi hai me noob player hu pleasevoo bundle gift send ker dijiye,,,
s0264,Hi,,,
s0265,😁😁,,,
s0266,Thumbnail mein XYAA kya kar rahi hai,,,
s0267,Bhai is video ko playlist me dalna Bhool gaye😅,,,
s0268,Hi,,,
s0269,Mujhe bhi aapki geng ka aana hai,,,
s0270,❤,,,
s0271,Ajju tum toh bohot cute ho pookie ajju💋,,,
s0272,Hello giyan bhai,,,
s0273,Tum bhi big gaya Kiya paiso me suneeta ki Tara,,,
s0274,Ajjubhai green hell game khelo please 😢😢😢😢,,,
s0275,Hello sir one manch br khelne,,,
s0276,❤❤❤,,,
s0277,Wtf!!!!!!! 😲is it mobile phone game?! 💀,,,
s0278,Uid10878998197,,,
s0279,❤,,,
s0280,Gyan bhai love you bhai,,,
s0281,Hello gyan bhai❤❤,,,
s0282,Vote for GTA 5 1k like target 🎯,,,
s0283,Aajubhai Itnii noob ID se kyu khelte ho ??,,,
s0284,Meri ID Bina Baje band kar di Gai Hai Meri madad karo mere madad Karo Meri UID 17564173609,,,
s0285,Bhai GTA V bhul gaye kya bhai uski bhi to video bnao 😢❤❤,,,
s0286,Noob,,,
s0287,Bhai aap GTA 5 ma GTA6 chori karo,,,
s0288,Please 🥺🥺🥺🥺🥺🥺🙏🏻🥺🙏🏻🙏🏻🙏🏻🙏🏻🙏🏻🙏🏻,,,
s0289,Bhai ap noob ho koi bhi video kyu nhi daal rhe ho noob 🥺😡😡😡😡😡😡😡🤬,,,
s0290,16892461140,,,
s0291,Please try death park one,,,
s0292,❤,,,
s0293,Mc gta ki vido dal,,,
s0294,GTA v ki video bhejo bhai bahut din ho gaye hain😢,,,
s0295,😮,,,
s0296,bhai video dal de yr bc kab se w8 kar raha hun,,,
s0297,"Ujjwal Bhaiya, aap Maya game khel ke dikhao na, horror Maya game. 👻🎮",,,
s0298,BHAI MUJE BHI APKE GANG ME ANA H LEVEL H MERA 44 OR MONEY MERE PASS H 5 LAKH,,,
s0299,Legend gemar tekno gemar ❌ total gaming ✅,,,
s0300,❤❤❤,,,
s0301,Chup ham gta vi ka wait kar rehai hai,,,
s0302,49:25 techno bhai naughty ho gaye 💀🌚,,,
s0303,1:15:27 ajju bhai bhi emotional ho gaye tabhi camera hata diye ❤,,,
s0304,Gangster mirage city lounch ho gayi video banao please ❤❤,,,
s0305,Nipat gya tu to,,,
s0306,Raister face reveal 😢😢,,,
s0307,Hello Gyan Bhai Main theek hun aap kaise ho aapka pair theek hai na😊😊😊❤❤❤,,,
s0308,Next episode techno bhai❤️,,,
s0309,hi,,,
s0310,You are legend.... Leg-end😂😂😂😂😂,,,
s0311,Pan,,,
s0312,Sir slingshot se headshot mara karo tab granny grandpa proper marenge otherwise body me maroge to just nuconscious ho jate hain sirf 40 sec ke liye,,,
s0313,0:51,,,
s0314,Ek dush re ko saport karo GAY'S 🎉🎉,,,
s0315,Hii,,,
s0316,5:24 Bhai tumne to lauda bol diya 😂😅,,,
s0317,AAJUBHAI MERI ID SASPEND HUI HE PLISE WUSE UNSASPEND KAR DO 😭😭😭💔💔💔🥹💔🥹😭😭🥹🥹🥹🥹😭💔😭🥹😭🥹😭🥹,,,
s0318,Gyan bhai khana khaya kya nahin❤❤❤❤,,,
s0319,1:12:00 call of duty ki yad a gai,,,
s0320,Gyan Gaming Mera sath game khelo ge UDI 8169553278,,,
s0321,❤,,,
s0322,Big fan Server :- India Game id :- 3547056376 request lelo please please please...,,,
s0323,YouTube iD name lala gaming,,,
s0324,Bakwas game hai yrr,,,
s0325,❤❤🎉🎉❤🎉❤🎉❤🎉❤🎉❤🎉❤🎉❤🎉❤,,,
s0326,It's my favourite game but gta v is legend,,,
s0327,Jaldi the late 😅😂,,,
s0328,Gyan gaming bhai kitne baje live karte ho,,,
s0329,❤❤❤,,,
s0330,Ha,,,
s0331,Hi,,,
s0332,Game developer ❌Isaq m hara hua saksh ✅,,,
s0333,Bhai udhar li thi kya game😂😂😂😂,,,
s0334,🥀,,,
s0335,𝗬𝗥 𝗙𝗥𝗘𝗘 𝗙𝗜𝗥𝗘 𝗞𝗜 𝗩𝗘𝗗𝗜𝗢𝗦 𝗟𝗔𝗬𝗔 𝗞𝗥𝗢 𝗡𝗔,,,
s0336,Ye game nhi maza a rha hai,,,
s0337,Badiya❤,,,
s0338,Minecraft video 🙏🏻 please,,,
s0339,Yes app noob ho kya mlbb k noob,,,
s0340,Hello hello😢😢😢,,,
s0341,"bhai tu apna bak bak kam kar na, shanti se dekh ne de",,,
s0342,Yrr ajjubhai weekly episode daalo please waise bhi aap bhut lazy ho gye ho 😂,,,
s0343,Bhai thodi der chup reh liya kar,,,
s0344,Ye misson to meine aj hi kara 34:45,,,
s0345,Next Part 😊😊😊😊,,,
s0346,"not shayar but ek choti si shayari.... 🥀💔 मुझे हंसी आती है उन लोगों पे...🫶 जो आज भी दिलो से खेलते हैं.. 🥰 और हमे क्या है, हम तो single है.. ❤️ हम सिर्फ Free Fire खेलते है.. ❤️‍🩹",,,
s0347,Tumari yali video itni lambi thi ka Mera 1 hazar ke paphr khatam higai,,,
s0348,Ajju bhai app bahut badal gaye ho,,,
s0349,Land land chusi chuso,,,
s0350,Wow,,,
s0351,Halo gyan Bhi Good morning ❤,,,
s0352,Crazy meetup,,,
s0353,Register Bhai kidhar Hai,,,
s0354,Bhai aapna kaha tha ke chips nikal lo para mana to roti or sabji nikal le 😂😂😂😂,,,
s0355,Gyan bhai raistar ko bolo fans ko kyu wait kra rhe he 😢 koi fix date bta do face revavl ki ❤❤ like my comment please,,,
s0356,Ajju bhai ko un unsubscribe karo,,,
s0357,Graphics are insane,,,
s0358,Happy janmashtmi techu bhai ❤❤,,,
s0359,❤❤❤,,,
s0360,Ajju bhai Minecraft khelo,,,
s0361,Wtf is wrong with ujjwal ? Its been 2 months and no gta 5 video He needs to explain y !!,,,
s0362,Ekdam movie wala seen hai😭😭,,,
s0363,34:07 Victor PUBG yad Aa gaye😢,,,
s0364,❤,,,
s0365,​@likhith1603😂😂😂,,,
s0366,Vote for palworld part 15,,,
s0367,😂😂,,,
s0368,Ajju bhai apko real me toh dekha tha app game me ponch geye,,,
s0369,"Bhaiya, ek Minecraft video bhi dalo please Minecraft bhul gaye kya?",,,
s0370,Ujjwal news old games kelo,,,
s0371,Gyan bhai,,,
s0372,1:13:27 gta vice city - PANZER,,,
s0373,Bhai jab bomb blast hua to aap itne emotional Ho Gaye,,,
s0374,10:52 BADDIES REAL STRUGGLE,,,
s0375,Ye kya cringe khel rha tabhi tu yaha per hain 😂,,,
s0376,Bhai 9 din ho gaye hai part 6 video kab ai ga😢,,,
s0377,Love you too gyem,,,
s0378,Poop gamer,,,
s0379,Hello bhai free fair me bapas AA jao bhai,,,
s0380,Bro make gta video,,,
s0381,Noob Ajju bhai 😂,,,
s0382,Teri mummy karegi tab hoga face reveal raistar ka,,,
s0383,Are bhai tum moba legend wala la*da chato 😅😅😅 Bahut din se bolna tujhe 😂😂😂,,,
s0384,❤❤❤ bhai,,,
s0385,Hello tecno bhai Michael episode 171 Dalo na GTA5 ka photo manth ho gaye hain,,,
s0386,Broooo next part pleaseeeeeee 🥺,,,
s0387,❤,,,
s0388,Just gameplay 🗿,,,
s0389,Song accha hai bhaii butt❤,,,
s0390,Mare name lalo,,,
s0391,Hi bhai,,,
s0392,6:37 BHAI SAHAB MERI ANDAR KI AATMA BAHAR AAGYI,,,
s0393,"kab hoga 30,000 comment (next episode 1 year later)",,,
s0394,Hi,,,
s0395,❤❤❤❤❤,,,
s0396,❤❤,,,
s0397,Hlo bro,,,
s0398,noob aja 1v1 Lambo hai mere pass golden vo vi,,,
s0399,Ujwal bhai ap video upload kerna bhool to nai gay 😐👀 13 din ho gay 😕🤌💞🎀,,,
