sample_id,comment_id,channel,stratum,weight
s0001,UgzASBQhSthoC2_T0OJ4AaABAg,Techno Gamerz,Techno Gamerz|not flagged,74.71641791044776
s0002,UgzIaUjCkOjuocN7raR4AaABAg,Gyan Gaming,Gyan Gaming|not flagged,2.609375
s0003,UgxGwfetRKnDrV9E9rR4AaABAg.AavN910s-R-AavNC6zDltI,Gyan Gaming,Gyan Gaming|not flagged,2.609375
s0004,UgzdnMnFNLEtlkdnvD94AaABAg,Gyan Gaming,Gyan Gaming|not flagged,2.609375
s0005,UgwxdG-zScZJTY8hqoF4AaABAg,Total Gaming,Total Gaming|not flagged,67.52702702702703
s0006,Ugyl6Rnxt0QFOK21Tud4AaABAg,Gyan Gaming,Gyan Gaming|not flagged,2.609375
s0007,Ugw6-oZ0QbesvCQ9xml4AaABAg,Total Gaming,Total Gaming|flagged,1.0
s0008,Ugy0PKMbY84okniWdux4AaABAg,Gyan Gaming,Gyan Gaming|not flagged,2.609375
s0009,Ugzzxp-h50bW2HZ0q7J4AaABAg,Total Gaming,Total Gaming|flagged,1.0
s0010,UgwiyxjvAS6cWa2fiGF4AaABAg,Techno Gamerz,Techno Gamerz|flagged,1.0606060606060606
s0011,UgyB6IpZbOQB-7ctF5p4AaABAg,Gyan Gaming,Gyan Gaming|not flagged,2.609375
s0012,UgzYCbGShF4g4Hd3mkh4AaABAg,Total Gaming,Total Gaming|flagged,1.0
s0013,Ugz4tQNuN737usE2Jqp4AaABAg,Techno Gamerz,Techno Gamerz|flagged,1.0606060606060606
s0014,Ugx8pnBE9hAXQ5j-zod4AaABAg,Total Gaming,Total Gaming|not flagged,67.52702702702703
s0015,UgybqjrZvyT2-dCPaux4AaABAg,Techno Gamerz,Techno Gamerz|not flagged,74.71641791044776
s0016,UgzuDANbc6Qs3kp3KHd4AaABAg,Total Gaming,Total Gaming|not flagged,67.52702702702703
s0017,UgxWwYOUksbm2pqHuRV4AaABAg,Gyan Gaming,Gyan Gaming|not flagged,2.609375
s0018,UgwVw4S_8OutiQAi1254AaABAg,Gyan Gaming,Gyan Gaming|not flagged,2.609375
s0019,UgwWGOw5ZMaiL3f4Hsx4AaABAg,Total Gaming,Total Gaming|not flagged,67.52702702702703
s0020,UgwUmd5J_N7hPe8tZlV4AaABAg,Total Gaming,Total Gaming|flagged,1.0
s0021,UgxAIa9rtmEnMvcSEoV4AaABAg,Gyan Gaming,Gyan Gaming|not flagged,2.609375
s0022,Ugx1f7OFA4mE9v-EM194AaABAg,Techno Gamerz,Techno Gamerz|flagged,1.0606060606060606
s0023,UgyscBUeHnqglKSjTnx4AaABAg,Total Gaming,Total Gaming|not flagged,67.52702702702703
s0024,Ugwkj0e3zp3ssYvckeV4AaABAg,Total Gaming,Total Gaming|not flagged,67.52702702702703
s0025,UgyAri80EKMZ02VRvcx4AaABAg,Gyan Gaming,Gyan Gaming|not flagged,2.609375
s0026,UgzdU5ZEMl7LLb9LCr54AaABAg,Total Gaming,Total Gaming|flagged,1.0
s0027,UgwKgRjevnl-e2S5r7h4AaABAg,Techno Gamerz,Techno Gamerz|not flagged,74.71641791044776
s0028,Ugx8ovBbJwDzvjtpS4F4AaABAg,Techno Gamerz,Techno Gamerz|flagged,1.0606060606060606
s0029,UgyG4S91moHOOc_Lbrh4AaABAg,Techno Gamerz,Techno Gamerz|not flagged,74.71641791044776
s0030,Ugwklhjgln8pEk6CzXN4AaABAg,Techno Gamerz,Techno Gamerz|flagged,1.0606060606060606
s0031,UgxTCj54K9gTJDWjqid4AaABAg,Techno Gamerz,Techno Gamerz|not flagged,74.71641791044776
s0032,UgzmcNtzPjN4tpiSfI14AaABAg,Gyan Gaming,Gyan Gaming|not flagged,2.609375
s0033,Ugw7CEaI_bs8zPmMyGx4AaABAg,Techno Gamerz,Techno Gamerz|not flagged,74.71641791044776
s0034,UgzPwBjXhKsb7s4jOqV4AaABAg,Total Gaming,Total Gaming|not flagged,67.52702702702703
s0035,UgwO4-j8D0tJQsFu9pN4AaABAg,Gyan Gaming,Gyan Gaming|not flagged,2.609375
s0036,UgzcxfeujX2h8xM7k6N4AaABAg,Total Gaming,Total Gaming|not flagged,67.52702702702703
s0037,UgxGIWLwR7_0-Z0uecB4AaABAg,Gyan Gaming,Gyan Gaming|not flagged,2.609375
s0038,Ugy21dpRhTMut0SrR894AaABAg,Techno Gamerz,Techno Gamerz|not flagged,74.71641791044776
s0039,Ugw2CoWtFAWf60owbRB4AaABAg,Techno Gamerz,Techno Gamerz|not flagged,74.71641791044776
s0040,UgynBCGAj-grXa3guBx4AaABAg,Gyan Gaming,Gyan Gaming|not flagged,2.609375
s0041,UgxqO0zgz_CLTj2Qvlp4AaABAg,Techno Gamerz,Techno Gamerz|flagged,1.0606060606060606
s0042,Ugx6lXmspkUakEP9P1R4AaABAg,Techno Gamerz,Techno Gamerz|flagged,1.0606060606060606
s0043,UgxJnwoISr0yEy4qKax4AaABAg,Techno Gamerz,Techno Gamerz|not flagged,74.71641791044776
s0044,Ugw5w8pU58sWwZ6r5Rh4AaABAg,Total Gaming,Total Gaming|flagged,1.0
s0045,UgzPoppSVBl4hyrjh8x4AaABAg,Gyan Gaming,Gyan Gaming|not flagged,2.609375
s0046,UgyRGKkGm-Bm9PHoVAd4AaABAg,Total Gaming,Total Gaming|not flagged,67.52702702702703
s0047,UgzWrvFjfwN0clROxMl4AaABAg,Gyan Gaming,Gyan Gaming|not flagged,2.609375
s0048,UgzQhmdvyUnr360ssWd4AaABAg,Techno Gamerz,Techno Gamerz|not flagged,74.71641791044776
s0049,UgxuwGJ5VRBYNpYuz394AaABAg,Gyan Gaming,Gyan Gaming|not flagged,2.609375
s0050,Ugwt9Ud1u3Ik5_WP4vt4AaABAg,Gyan Gaming,Gyan Gaming|not flagged,2.609375
s0051,UgzYdxrrJCrCLLZMp0B4AaABAg,Gyan Gaming,Gyan Gaming|flagged,1.0
s0052,Ugx5nsjqcgmoHh2n90l4AaABAg,Gyan Gaming,Gyan Gaming|not flagged,2.609375
s0053,UgylXRiNQCowNep3Qwh4AaABAg,Techno Gamerz,Techno Gamerz|flagged,1.0606060606060606
s0054,Ugy7APIobSJFIpIzpot4AaABAg,Total Gaming,Total Gaming|not flagged,67.52702702702703
s0055,Ugx-sCwtYCX7WrY1HUx4AaABAg,Techno Gamerz,Techno Gamerz|not flagged,74.71641791044776
s0056,UgwqYwLMByQ-gVP7wrF4AaABAg,Techno Gamerz,Techno Gamerz|not flagged,74.71641791044776
s0057,UgycDN4Bv445-k5-u-R4AaABAg,Total Gaming,Total Gaming|flagged,1.0
s0058,UgxeOgBqPfcIfm-aVCt4AaABAg,Gyan Gaming,Gyan Gaming|not flagged,2.609375
s0059,UgyfjomLvXgMM2OAWlB4AaABAg,Total Gaming,Total Gaming|not flagged,67.52702702702703
s0060,Ugy4y7DDX0XYhD5oZu94AaABAg,Gyan Gaming,Gyan Gaming|not flagged,2.609375
s0061,UgxKO1XJWxv-y-26RH14AaABAg,Techno Gamerz,Techno Gamerz|flagged,1.0606060606060606
s0062,UgykUCGjBJQPmGgA2Pp4AaABAg,Total Gaming,Total Gaming|not flagged,67.52702702702703
s0063,UgzaBVQK6k_RVpbILp94AaABAg,Total Gaming,Total Gaming|not flagged,67.52702702702703
s0064,UgxxcwG81vlLUlIYBNp4AaABAg.AaT0GnUIqBeAaUuNHrgPlk,Total Gaming,Total Gaming|not flagged,67.52702702702703
s0065,Ugwf8vzcajK4GINHyF54AaABAg,Gyan Gaming,Gyan Gaming|not flagged,2.609375
s0066,UgwdRdWOfqfVlD1f2FV4AaABAg,Total Gaming,Total Gaming|not flagged,67.52702702702703
s0067,UgwsExcDFxhkg_YCU0Z4AaABAg,Total Gaming,Total Gaming|not flagged,67.52702702702703
s0068,UgzCUEM2sWEK1VtiKsF4AaABAg,Techno Gamerz,Techno Gamerz|not flagged,74.71641791044776
s0069,Ugxt-8GGkQoAEdZA5sx4AaABAg,Total Gaming,Total Gaming|not flagged,67.52702702702703
s0070,UgxrYiD_VUQhWvwH0TJ4AaABAg,Total Gaming,Total Gaming|flagged,1.0
s0071,UgynQdaX4MHmlYW4dG54AaABAg,Total Gaming,Total Gaming|not flagged,67.52702702702703
s0072,UgwFwke5bqjMw-LUiSZ4AaABAg,Techno Gamerz,Techno Gamerz|flagged,1.0606060606060606
s0073,UgyLteXmqt-U05G3nNd4AaABAg,Techno Gamerz,Techno Gamerz|flagged,1.0606060606060606
s0074,Ugxrtd5h8cvPa0CxBLR4AaABAg,Techno Gamerz,Techno Gamerz|not flagged,74.71641791044776
s0075,UgzGrEOfKcMyB9lFzvN4AaABAg,Total Gaming,Total Gaming|not flagged,67.52702702702703
s0076,UgwdYB5ODD7I2F4dGc54AaABAg,Techno Gamerz,Techno Gamerz|not flagged,74.71641791044776
s0077,UgwWF8Ww4MZlE3T3SzN4AaABAg,Gyan Gaming,Gyan Gaming|not flagged,2.609375
s0078,Ugw8Ds92kYaNm9dQZAR4AaABAg,Total Gaming,Total Gaming|not flagged,67.52702702702703
s0079,Ugwu9ufrVK42b-QrW-V4AaABAg,Gyan Gaming,Gyan Gaming|not flagged,2.609375
s0080,UgzIdXVyhnzSBfhmlEF4AaABAg,Gyan Gaming,Gyan Gaming|not flagged,2.609375
s0081,UgwzeeKCZuTUwhHsBkB4AaABAg,Total Gaming,Total Gaming|flagged,1.0
s0082,UgwaN34cLiRed6HvSnZ4AaABAg,Gyan Gaming,Gyan Gaming|not flagged,2.609375
s0083,Ugyjzx4umumkiS59Nxt4AaABAg,Gyan Gaming,Gyan Gaming|not flagged,2.609375
s0084,Ugz5cfumpBNzXTOlNdV4AaABAg,Gyan Gaming,Gyan Gaming|not flagged,2.609375
s0085,Ugz5z8VNjwBBON72zBZ4AaABAg,Techno Gamerz,Techno Gamerz|not flagged,74.71641791044776
s0086,UgzJf1jhTP126ViibRp4AaABAg,Total Gaming,Total Gaming|not flagged,67.52702702702703
s0087,Ugyxwi7kgkV2nGFi_QV4AaABAg,Techno Gamerz,Techno Gamerz|flagged,1.0606060606060606
s0088,UgyfgpjLE2U_zZVT0z94AaABAg,Total Gaming,Total Gaming|not flagged,67.52702702702703
s0089,UgxDIr5xgGraYefnmRJ4AaABAg.Ab9t-RvxS9FAbAvREWL3dH,Gyan Gaming,Gyan Gaming|not flagged,2.609375
s0090,UgydJRFH4sst5pCYJOJ4AaABAg,Total Gaming,Total Gaming|not flagged,67.52702702702703
s0091,UgwCHpahLuHCzoyM_Rt4AaABAg,Techno Gamerz,Techno Gamerz|flagged,1.0606060606060606
s0092,UgxN9n2JVEIaTPL2sFp4AaABAg,Total Gaming,Total Gaming|not flagged,67.52702702702703
s0093,UgzsxAZ--AZsu1i2tYh4AaABAg,Techno Gamerz,Techno Gamerz|not flagged,74.71641791044776
s0094,UgzShit_CE4PE201k-B4AaABAg,Total Gaming,Total Gaming|not flagged,67.52702702702703
s0095,UgyEwKYavhElJdNRm8h4AaABAg,Techno Gamerz,Techno Gamerz|flagged,1.0606060606060606
s0096,UgwmIntuaLcGwNt3XM14AaABAg,Total Gaming,Total Gaming|flagged,1.0
s0097,UgynEsQVtEVwjOLnN8B4AaABAg,Gyan Gaming,Gyan Gaming|not flagged,2.609375
s0098,UgykRLeGl7nJ88kjkHx4AaABAg,Total Gaming,Total Gaming|flagged,1.0
s0099,Ugy9Lct79lKwjpPCtsV4AaABAg,Techno Gamerz,Techno Gamerz|flagged,1.0606060606060606
s0100,UgwNNGIQfGVISUHHeuZ4AaABAg,Gyan Gaming,Gyan Gaming|not flagged,2.609375
s0101,Ugxv4r9rh0xiXfri9up4AaABAg,Total Gaming,Total Gaming|not flagged,67.52702702702703
s0102,UgweDIXZbEplhUosHkl4AaABAg,Gyan Gaming,Gyan Gaming|not flagged,2.609375
s0103,UgyxxpS6eAmJdYKSzPR4AaABAg,Gyan Gaming,Gyan Gaming|not flagged,2.609375
s0104,Ugyc62xWYfwcFOarw3p4AaABAg,Total Gaming,Total Gaming|not flagged,67.52702702702703
s0105,UgwBX2mJB_77dZUnjrJ4AaABAg,Gyan Gaming,Gyan Gaming|not flagged,2.609375
s0106,Ugy1o_N-XTFH-r9rKWd4AaABAg,Techno Gamerz,Techno Gamerz|not flagged,74.71641791044776
s0107,UgxVh1S2oTpeuJR5_SV4AaABAg,Techno Gamerz,Techno Gamerz|flagged,1.0606060606060606
s0108,UgwGTjzxfV6VecGJXFl4AaABAg.AbCkT0HsK4tAbE8xchWvro,Gyan Gaming,Gyan Gaming|not flagged,2.609375
s0109,UgxAHG7yZvlxIBNp_x14AaABAg,Techno Gamerz,Techno Gamerz|not flagged,74.71641791044776
s0110,UgzJfY9yYOtT_nKGiMB4AaABAg,Techno Gamerz,Techno Gamerz|not flagged,74.71641791044776
s0111,UgyTcO8-OCsaBxdGA3d4AaABAg,Total Gaming,Total Gaming|flagged,1.0
s0112,UgwPiMVN6MT4zl_P_mt4AaABAg,Gyan Gaming,Gyan Gaming|not flagged,2.609375
s0113,UgxURuB8gXtqU37wr2d4AaABAg,Gyan Gaming,Gyan Gaming|not flagged,2.609375
s0114,UgxgGc4X346xC1PBIt14AaABAg,Gyan Gaming,Gyan Gaming|flagged,1.0
s0115,UgxH1GbVzZFnVq-Egqt4AaABAg,Gyan Gaming,Gyan Gaming|not flagged,2.609375
s0116,UgzaceJ1XddhcsTd97Z4AaABAg,Total Gaming,Total Gaming|flagged,1.0
s0117,Ugyle6WbaIxbTNHICw94AaABAg,Techno Gamerz,Techno Gamerz|flagged,1.0606060606060606
s0118,UgxStqPwMepo4ZDZjf14AaABAg,Total Gaming,Total Gaming|flagged,1.0
s0119,UgzM62YJXslBvHKBmzt4AaABAg,Techno Gamerz,Techno Gamerz|flagged,1.0606060606060606
s0120,UgxpoeTZJUVZCNypRjB4AaABAg,Techno Gamerz,Techno Gamerz|not flagged,74.71641791044776
s0121,Ugzi_Dw5bxtn8O0kx_h4AaABAg.AayeMWz99TFAayeVtRWaVm,Gyan Gaming,Gyan Gaming|not flagged,2.609375
s0122,UgzkvoaFFRX63JuYjU54AaABAg,Total Gaming,Total Gaming|flagged,1.0
s0123,Ugx6drQ00r4M87-DPzp4AaABAg,Gyan Gaming,Gyan Gaming|not flagged,2.609375
s0124,UgxS2pXVesPsvCV5N-J4AaABAg,Techno Gamerz,Techno Gamerz|not flagged,74.71641791044776
s0125,UgxWQqFXAsbfX9EfdpZ4AaABAg,Total Gaming,Total Gaming|flagged,1.0
s0126,UgyPWaBPaGi9PQocrxh4AaABAg,Gyan Gaming,Gyan Gaming|not flagged,2.609375
s0127,UgwdoDkwQzT-EqfwFId4AaABAg,Techno Gamerz,Techno Gamerz|not flagged,74.71641791044776
s0128,Ugz-LoImf8rtDaEZOat4AaABAg,Total Gaming,Total Gaming|not flagged,67.52702702702703
s0129,UgyZCjC6NcnizQ40qzd4AaABAg,Techno Gamerz,Techno Gamerz|flagged,1.0606060606060606
s0130,Ugx0gHSKLZbDvWCbVG14AaABAg,Gyan Gaming,Gyan Gaming|not flagged,2.609375
s0131,UgzZGwW0jNBsIBeGq8p4AaABAg,Total Gaming,Total Gaming|not flagged,67.52702702702703
s0132,UgwXTcFonfI2hyDatfx4AaABAg,Gyan Gaming,Gyan Gaming|not flagged,2.609375
s0133,UgzQ2YQbsG1VVNynekF4AaABAg,Techno Gamerz,Techno Gamerz|flagged,1.0606060606060606
s0134,UgxGa5j4vRRLWUDrzu14AaABAg,Gyan Gaming,Gyan Gaming|not flagged,2.609375
s0135,UgzrtylNGRL3LvoY46t4AaABAg,Techno Gamerz,Techno Gamerz|flagged,1.0606060606060606
s0136,UgxEsOonqZPO0wR5niB4AaABAg,Techno Gamerz,Techno Gamerz|flagged,1.0606060606060606
s0137,Ugxrvrk5hRUnUzEavy54AaABAg,Total Gaming,Total Gaming|not flagged,67.52702702702703
s0138,UgzhrceAV959L3VdJjt4AaABAg,Techno Gamerz,Techno Gamerz|flagged,1.0606060606060606
s0139,UgxCZYbuDW7sFGfeMTx4AaABAg,Techno Gamerz,Techno Gamerz|not flagged,74.71641791044776
s0140,UgxEgWyFqly8TA8r9qZ4AaABAg,Gyan Gaming,Gyan Gaming|not flagged,2.609375
s0141,Ugy-PBPz3UfxNels_zV4AaABAg,Total Gaming,Total Gaming|flagged,1.0
s0142,UgymNkR9T4IzUv5oXGt4AaABAg,Gyan Gaming,Gyan Gaming|not flagged,2.609375
s0143,UgzHh-GNsWt79gh7xfd4AaABAg.Ab9OhmGQ_J7AbE2E8fMOeP,Gyan Gaming,Gyan Gaming|not flagged,2.609375
s0144,Ugz4YwR6_keC6TYJKaN4AaABAg,Techno Gamerz,Techno Gamerz|not flagged,74.71641791044776
s0145,UgzKi133uOORBQbTpTp4AaABAg,Total Gaming,Total Gaming|not flagged,67.52702702702703
s0146,UgwaOjSA2p_rY5Dn6oN4AaABAg,Total Gaming,Total Gaming|flagged,1.0
s0147,UgxGYiZUGSmJL_bh9ON4AaABAg,Techno Gamerz,Techno Gamerz|not flagged,74.71641791044776
s0148,UgzFKMXkb6PLvZmkQp54AaABAg,Techno Gamerz,Techno Gamerz|flagged,1.0606060606060606
s0149,Ugzz783Z2Xust7fK0ud4AaABAg,Total Gaming,Total Gaming|flagged,1.0
s0150,UgyxXopy5x_wc8a6S794AaABAg,Techno Gamerz,Techno Gamerz|not flagged,74.71641791044776
s0151,Ugx3Nn-DA6wLWWYT5Nl4AaABAg,Gyan Gaming,Gyan Gaming|not flagged,2.609375
s0152,UgwvBFs-A-I-_5BHXpx4AaABAg,Total Gaming,Total Gaming|not flagged,67.52702702702703
s0153,UgxntXVqXAHXt-rcyqB4AaABAg,Gyan Gaming,Gyan Gaming|not flagged,2.609375
s0154,Ugz4g9JNaJ5ISCtDnpx4AaABAg,Gyan Gaming,Gyan Gaming|not flagged,2.609375
s0155,Ugy0zKk1y6G_PHiKkrZ4AaABAg,Total Gaming,Total Gaming|not flagged,67.52702702702703
s0156,UgwYXuezASM21eMrey14AaABAg,Total Gaming,Total Gaming|flagged,1.0
s0157,UgxPWVNxO3LF5Gq5Xpp4AaABAg,Gyan Gaming,Gyan Gaming|not flagged,2.609375
s0158,UgxjILYh3s2c8pdVdjF4AaABAg,Total Gaming,Total Gaming|not flagged,67.52702702702703
s0159,UgxUc6nboCt6HcBJ1oN4AaABAg,Gyan Gaming,Gyan Gaming|not flagged,2.609375
s0160,UgzKoSuMXIRooIoVwDZ4AaABAg,Total Gaming,Total Gaming|flagged,1.0
s0161,Ugw3ylLssuvcCh6E7994AaABAg,Gyan Gaming,Gyan Gaming|not flagged,2.609375
s0162,Ugw067jqKV3KvPIN7v54AaABAg,Techno Gamerz,Techno Gamerz|not flagged,74.71641791044776
s0163,UgwbILN9SkTc5XHaMAJ4AaABAg,Total Gaming,Total Gaming|not flagged,67.52702702702703
s0164,Ugw-i1pv68mK9UXqOF94AaABAg,Gyan Gaming,Gyan Gaming|not flagged,2.609375
s0165,UgwbZQLhAXlUomUa9Cx4AaABAg,Total Gaming,Total Gaming|not flagged,67.52702702702703
s0166,UgzNB_loNer9llW6--p4AaABAg,Total Gaming,Total Gaming|not flagged,67.52702702702703
s0167,UgzrzhipGy2px_Unlr54AaABAg,Techno Gamerz,Techno Gamerz|flagged,1.0606060606060606
s0168,UgxsBfU2CvS2ztlaNn94AaABAg,Techno Gamerz,Techno Gamerz|flagged,1.0606060606060606
s0169,UgyA3e6VoEZkB9xVeJh4AaABAg,Techno Gamerz,Techno Gamerz|flagged,1.0606060606060606
s0170,UgzWeJ6YzigLumLYYep4AaABAg,Total Gaming,Total Gaming|not flagged,67.52702702702703
s0171,UgwHwY6tA6ZHMwAxFgd4AaABAg,Gyan Gaming,Gyan Gaming|not flagged,2.609375
s0172,UgzbuJUDryPlRm2mwWl4AaABAg,Techno Gamerz,Techno Gamerz|not flagged,74.71641791044776
s0173,UgzKyt8xfBbRWmeFV-d4AaABAg,Techno Gamerz,Techno Gamerz|not flagged,74.71641791044776
s0174,UgwmKwBYNK4JFnoynqx4AaABAg,Gyan Gaming,Gyan Gaming|not flagged,2.609375
s0175,UgyM3cU4SCszTD2PLQN4AaABAg,Total Gaming,Total Gaming|flagged,1.0
s0176,UgzqN4CIMlGt6YBkGyd4AaABAg,Gyan Gaming,Gyan Gaming|not flagged,2.609375
s0177,UgwgkmkXd91B1joR0gt4AaABAg,Techno Gamerz,Techno Gamerz|not flagged,74.71641791044776
s0178,UgyP6I58rMkEgUX69U94AaABAg,Techno Gamerz,Techno Gamerz|not flagged,74.71641791044776
s0179,Ugy0lJamZRjlVAxmzDx4AaABAg,Total Gaming,Total Gaming|flagged,1.0
s0180,UgwdkmDBdODCS7bz2q94AaABAg,Total Gaming,Total Gaming|not flagged,67.52702702702703
s0181,UgyJT7-sVxKZ1Ak_igx4AaABAg,Gyan Gaming,Gyan Gaming|not flagged,2.609375
s0182,Ugy7sYK911QNfME_IPp4AaABAg,Total Gaming,Total Gaming|flagged,1.0
s0183,UgxXUX4mntuh64rikGt4AaABAg,Gyan Gaming,Gyan Gaming|not flagged,2.609375
s0184,Ugxiy-k_86A0teVgGut4AaABAg,Total Gaming,Total Gaming|flagged,1.0
s0185,UgwOQrHsD0SwTrF1g1Z4AaABAg,Techno Gamerz,Techno Gamerz|not flagged,74.71641791044776
s0186,Ugx8057oLebyH3UG4HR4AaABAg,Gyan Gaming,Gyan Gaming|not flagged,2.609375
s0187,UgzrDVsu9uKu0ObFS794AaABAg,Gyan Gaming,Gyan Gaming|not flagged,2.609375
s0188,Ugycjs-cww8GgJZGWNR4AaABAg,Gyan Gaming,Gyan Gaming|not flagged,2.609375
s0189,Ugx-TOyrZBsGMBCl81x4AaABAg,Techno Gamerz,Techno Gamerz|flagged,1.0606060606060606
s0190,UgyrWvu6fzqbb97nr-R4AaABAg,Total Gaming,Total Gaming|flagged,1.0
s0191,Ugwal-pMUWMv4KBmith4AaABAg.AbB92yPjwcbAbE2A6tTQYe,Gyan Gaming,Gyan Gaming|not flagged,2.609375
s0192,UgyKBabdSjz53unlzqV4AaABAg,Techno Gamerz,Techno Gamerz|flagged,1.0606060606060606
s0193,UgxhI4_3LfBKdcVUoON4AaABAg,Total Gaming,Total Gaming|flagged,1.0
s0194,UgwvzUzac-XVoP6Cx094AaABAg,Total Gaming,Total Gaming|not flagged,67.52702702702703
s0195,UgwvLpUmqKFgGc6p6_R4AaABAg,Techno Gamerz,Techno Gamerz|not flagged,74.71641791044776
s0196,UgyqtOXuf3-VPDMNODB4AaABAg,Gyan Gaming,Gyan Gaming|not flagged,2.609375
s0197,UgzT8BWPp_9bFru0-mB4AaABAg,Techno Gamerz,Techno Gamerz|not flagged,74.71641791044776
s0198,Ugzf8xpBRA9P1nA4GSJ4AaABAg,Techno Gamerz,Techno Gamerz|flagged,1.0606060606060606
s0199,UgwFlpUOK0_34ibMNpd4AaABAg,Gyan Gaming,Gyan Gaming|not flagged,2.609375
s0200,UgzXWX0UODpcDnHQ29l4AaABAg,Total Gaming,Total Gaming|flagged,1.0
s0201,UgwaOjAxS4Mg0CYXaKF4AaABAg,Total Gaming,Total Gaming|flagged,1.0
s0202,UgwZzIVp_2ABpQA0Vqt4AaABAg,Total Gaming,Total Gaming|not flagged,67.52702702702703
s0203,UgznmQY56UE24BDsp5J4AaABAg,Techno Gamerz,Techno Gamerz|flagged,1.0606060606060606
s0204,UgxRMAASUFiaIsfAslp4AaABAg.AbJKD2FQaqhAbKU0h3Q3oW,Gyan Gaming,Gyan Gaming|not flagged,2.609375
s0205,Ugxa2pBdguNSGRsDvYx4AaABAg,Techno Gamerz,Techno Gamerz|flagged,1.0606060606060606
s0206,UgyAznZMXzmwbcTxCLJ4AaABAg,Gyan Gaming,Gyan Gaming|not flagged,2.609375
s0207,UgyK3XzHu-uSvZtRYNx4AaABAg,Total Gaming,Total Gaming|not flagged,67.52702702702703
s0208,UgxMPa1QsH1mchvussp4AaABAg,Techno Gamerz,Techno Gamerz|not flagged,74.71641791044776
s0209,UgxEZ76L49n4epNVw5x4AaABAg,Total Gaming,Total Gaming|flagged,1.0
s0210,Ugyr-P2ruouKtxCsw2Z4AaABAg,Techno Gamerz,Techno Gamerz|flagged,1.0606060606060606
s0211,UgxrzdrruOqavqrz4H14AaABAg,Techno Gamerz,Techno Gamerz|flagged,1.0606060606060606
s0212,UgxX9tbqKqrndLDnYCh4AaABAg,Total Gaming,Total Gaming|flagged,1.0
s0213,UgxDTcQy-k_JOFIieD94AaABAg,Gyan Gaming,Gyan Gaming|not flagged,2.609375
s0214,UgzIlpfnXskBpa4Xxph4AaABAg,Techno Gamerz,Techno Gamerz|flagged,1.0606060606060606
s0215,UgyBNKmWI2emvs8vUb14AaABAg,Gyan Gaming,Gyan Gaming|not flagged,2.609375
s0216,Ugyr86QomeDBD5uef8V4AaABAg,Total Gaming,Total Gaming|flagged,1.0
s0217,Ugxf3PssJAbnFt2bWyt4AaABAg,Total Gaming,Total Gaming|not flagged,67.52702702702703
s0218,UgyDDd9wAkbGhO69Eld4AaABAg,Gyan Gaming,Gyan Gaming|not flagged,2.609375
s0219,Ugy9iBlQ9rsQ_OhExr54AaABAg,Techno Gamerz,Techno Gamerz|not flagged,74.71641791044776
s0220,UgxafW1MKbpKPOII9994AaABAg,Gyan Gaming,Gyan Gaming|not flagged,2.609375
s0221,UgwUihyWS9q2n6Ad7K54AaABAg,Gyan Gaming,Gyan Gaming|not flagged,2.609375
s0222,Ugy89jFbka7Tc5nzsV14AaABAg,Total Gaming,Total Gaming|not flagged,67.52702702702703
s0223,UgxLN1YmjTM_dA8NzIp4AaABAg,Techno Gamerz,Techno Gamerz|not flagged,74.71641791044776
s0224,UgyyaHaXBgXXgTT2iBN4AaABAg,Total Gaming,Total Gaming|flagged,1.0
s0225,UgziNYrqbHACgelIMa54AaABAg,Techno Gamerz,Techno Gamerz|flagged,1.0606060606060606
s0226,UgwrGWVd0QriSxWLdHV4AaABAg,Gyan Gaming,Gyan Gaming|not flagged,2.609375
s0227,UgzjAiNQpFyb3eh2fq14AaABAg,Techno Gamerz,Techno Gamerz|not flagged,74.71641791044776
s0228,UgzqcyD-loj1u18Xvi94AaABAg,Techno Gamerz,Techno Gamerz|not flagged,74.71641791044776
s0229,UgwcYy4zqmcJdT3Rx5B4AaABAg,Gyan Gaming,Gyan Gaming|not flagged,2.609375
s0230,UgxsJptmhlu4hjD5ejF4AaABAg,Gyan Gaming,Gyan Gaming|flagged,1.0
s0231,UgyvqYe9HWsRvB423rp4AaABAg,Techno Gamerz,Techno Gamerz|flagged,1.0606060606060606
s0232,UgzaG6N7yu4jS2uE3Gh4AaABAg,Total Gaming,Total Gaming|flagged,1.0
s0233,UgyvinjEYfgO04X4nhB4AaABAg,Gyan Gaming,Gyan Gaming|not flagged,2.609375
s0234,UgyAsqzJxvNgQB7ecsR4AaABAg,Total Gaming,Total Gaming|not flagged,67.52702702702703
s0235,UgxdEVt0hOg-AgTP0kd4AaABAg,Gyan Gaming,Gyan Gaming|not flagged,2.609375
s0236,Ugy_hEl-dbMKRyETT9Z4AaABAg,Techno Gamerz,Techno Gamerz|flagged,1.0606060606060606
s0237,UgyXoRAeToaDKf06YO14AaABAg,Techno Gamerz,Techno Gamerz|not flagged,74.71641791044776
s0238,Ugy1QvIMp_amJ4Vw4ep4AaABAg,Techno Gamerz,Techno Gamerz|not flagged,74.71641791044776
s0239,Ugzgb7ilpyi3aUGRchN4AaABAg,Total Gaming,Total Gaming|not flagged,67.52702702702703
s0240,UgyPt7rPyxJ16EM6kXt4AaABAg,Gyan Gaming,Gyan Gaming|not flagged,2.609375
s0241,UgyLQPvAO4JO_kH9z6l4AaABAg,Gyan Gaming,Gyan Gaming|not flagged,2.609375
s0242,UgyeChaoO8fqgEEr-ut4AaABAg,Gyan Gaming,Gyan Gaming|not flagged,2.609375
s0243,UgwPVIcvsTFPNnKr2mh4AaABAg,Total Gaming,Total Gaming|not flagged,67.52702702702703
s0244,UgzPFnfzJT4saGXY7pl4AaABAg,Total Gaming,Total Gaming|flagged,1.0
s0245,UgyXTUL55YhttWim3id4AaABAg,Techno Gamerz,Techno Gamerz|not flagged,74.71641791044776
s0246,UgyiPvsm0LSJlhWuChJ4AaABAg,Total Gaming,Total Gaming|flagged,1.0
s0247,UgxDCn7n9euF3o9_oiB4AaABAg,Total Gaming,Total Gaming|not flagged,67.52702702702703
s0248,UgxSkQFBE86vlQLMPuh4AaABAg,Gyan Gaming,Gyan Gaming|not flagged,2.609375
s0249,UgzyD1aW0xuSxpCDbcZ4AaABAg,Techno Gamerz,Techno Gamerz|flagged,1.0606060606060606
s0250,UgwYzW37eORNa9Zeqeh4AaABAg,Gyan Gaming,Gyan Gaming|not flagged,2.609375
s0251,UgzxyWLrXOQTpe_tW1h4AaABAg,Techno Gamerz,Techno Gamerz|flagged,1.0606060606060606
s0252,Ugw8HgfiVEtompkCP_h4AaABAg,Techno Gamerz,Techno Gamerz|not flagged,74.71641791044776
s0253,UgyWuvy1V6AQ4wsdya14AaABAg,Total Gaming,Total Gaming|flagged,1.0
s0254,UgwF9wNSpmLb5gnWSF14AaABAg,Gyan Gaming,Gyan Gaming|not flagged,2.609375
s0255,Ugx5ZGHD9L_-doeM9y14AaABAg,Gyan Gaming,Gyan Gaming|not flagged,2.609375
s0256,Ugz36AjEb2GNmvYH8sl4AaABAg,Gyan Gaming,Gyan Gaming|not flagged,2.609375
s0257,Ugy0ERXYFkcFsQY1Yst4AaABAg,Total Gaming,Total Gaming|flagged,1.0
s0258,UgzNuFTkW09zrpC418h4AaABAg,Gyan Gaming,Gyan Gaming|not flagged,2.609375
s0259,UgwNzBUuui9ilfnkZSh4AaABAg,Techno Gamerz,Techno Gamerz|not flagged,74.71641791044776
s0260,UgzQivv83znd6ZRghad4AaABAg,Techno Gamerz,Techno Gamerz|flagged,1.0606060606060606
s0261,UgybZVzvzIQOzDbfsDZ4AaABAg,Total Gaming,Total Gaming|flagged,1.0
s0262,UgwfdyxlV2WC6s9P-nF4AaABAg,Techno Gamerz,Techno Gamerz|not flagged,74.71641791044776
s0263,Ugy5YSRzLHV7GdOERzx4AaABAg,Total Gaming,Total Gaming|flagged,1.0
s0264,UgzLj3gojkg-q86KWql4AaABAg,Gyan Gaming,Gyan Gaming|not flagged,2.609375
s0265,Ugz-30Z2eQ7lBLh6rst4AaABAg,Total Gaming,Total Gaming|not flagged,67.52702702702703
s0266,UgxsfEn-R3PBWvcdDjd4AaABAg,Total Gaming,Total Gaming|not flagged,67.52702702702703
s0267,Ugw-WP_SjF99BU997y14AaABAg,Techno Gamerz,Techno Gamerz|flagged,1.0606060606060606
s0268,UgxZwNnRNQFt4yPVKS94AaABAg,Gyan Gaming,Gyan Gaming|not flagged,2.609375
s0269,Ugx5sUx7YSlpL5RxVgd4AaABAg,Techno Gamerz,Techno Gamerz|not flagged,74.71641791044776
s0270,Ugz0b1nQwiVb0RZFPid4AaABAg,Techno Gamerz,Techno Gamerz|not flagged,74.71641791044776
s0271,UgwoJ5wHSlaOohBM3fN4AaABAg,Total Gaming,Total Gaming|flagged,1.0
s0272,UgxLjU3-5HBdklLiICB4AaABAg,Gyan Gaming,Gyan Gaming|not flagged,2.609375
s0273,UgwiJ22cdZp_4_9vQw14AaABAg,Total Gaming,Total Gaming|not flagged,67.52702702702703
s0274,UgwY3kTTZBDq1i81v5J4AaABAg,Total Gaming,Total Gaming|not flagged,67.52702702702703
s0275,Ugz_HJSEz8oLzwwTu9x4AaABAg,Gyan Gaming,Gyan Gaming|not flagged,2.609375
s0276,UgyrLxpwUiEQygQG1mR4AaABAg,Total Gaming,Total Gaming|not flagged,67.52702702702703
s0277,Ugy3DUClqjLxEh3yyZt4AaABAg,Techno Gamerz,Techno Gamerz|flagged,1.0606060606060606
s0278,UgwtakAyUVcCpviRYqd4AaABAg,Gyan Gaming,Gyan Gaming|not flagged,2.609375
s0279,UgwohIUIyG4zVkr-r8p4AaABAg,Gyan Gaming,Gyan Gaming|not flagged,2.609375
s0280,UgzaPLk3YXEeAtXHUuJ4AaABAg,Gyan Gaming,Gyan Gaming|not flagged,2.609375
s0281,UgxKVPFprJ6ZCMPKd6F4AaABAg,Gyan Gaming,Gyan Gaming|not flagged,2.609375
s0282,Ugz7EaaMqDQffspBmbN4AaABAg,Techno Gamerz,Techno Gamerz|not flagged,74.71641791044776
s0283,Ugy-ar7SAoFecvEU8vZ4AaABAg,Total Gaming,Total Gaming|flagged,1.0
s0284,Ugzwv8zfr3jv4BAzkG54AaABAg,Gyan Gaming,Gyan Gaming|not flagged,2.609375
s0285,UgzODdoN8NnjoPHbnzR4AaABAg,Techno Gamerz,Techno Gamerz|flagged,1.0606060606060606
s0286,Ugwh6X5pSjJnFpcXaHN4AaABAg,Total Gaming,Total Gaming|flagged,1.0
s0287,UgyiZFx7X3-66Y6FHxh4AaABAg,Techno Gamerz,Techno Gamerz|not flagged,74.71641791044776
s0288,Ugwzdsy93qD8-Y_mH2F4AaABAg.AagCp12n31VAagCqqTEBvO,Techno Gamerz,Techno Gamerz|not flagged,74.71641791044776
s0289,UgxG-Z9yGbUChhO-T_N4AaABAg,Techno Gamerz,Techno Gamerz|flagged,1.0606060606060606
s0290,Ugzfxy9CE_k1qmBz_CJ4AaABAg,Total Gaming,Total Gaming|not flagged,67.52702702702703
s0291,Ugx4qk0-FeRYtFlxmiF4AaABAg,Total Gaming,Total Gaming|flagged,1.0
s0292,UgwC8s9jOo92HPTkyYJ4AaABAg,Gyan Gaming,Gyan Gaming|not flagged,2.609375
s0293,Ugyx5JZjli6UMzW4eLp4AaABAg,Techno Gamerz,Techno Gamerz|flagged,1.0606060606060606
s0294,UgyXIRltvCP4ytnfFAZ4AaABAg,Techno Gamerz,Techno Gamerz|flagged,1.0606060606060606
s0295,UgxhYkWeUQtX0gyzks54AaABAg.AaqrEbzN9RtAardvIKGX1T,Gyan Gaming,Gyan Gaming|not flagged,2.609375
s0296,UgwNtLoIcfWuuf6Z6iV4AaABAg,Techno Gamerz,Techno Gamerz|flagged,1.0606060606060606
s0297,UgzavJLujP8pN82oBFB4AaABAg,Techno Gamerz,Techno Gamerz|not flagged,74.71641791044776
s0298,UgzfLz7YTb63KzMvsX94AaABAg,Techno Gamerz,Techno Gamerz|flagged,1.0606060606060606
s0299,UgwFyptJSDzhVRCdbOt4AaABAg,Total Gaming,Total Gaming|not flagged,67.52702702702703
s0300,Ugx_73HFGcyErc_fQkZ4AaABAg,Total Gaming,Total Gaming|not flagged,67.52702702702703
s0301,UgyvVeXe4fKQZbQml4Z4AaABAg,Techno Gamerz,Techno Gamerz|flagged,1.0606060606060606
s0302,UgySf8k-4WG-j1-THvR4AaABAg,Techno Gamerz,Techno Gamerz|flagged,1.0606060606060606
s0303,Ugy5AJX69EIOIaxxb2Z4AaABAg,Total Gaming,Total Gaming|flagged,1.0
s0304,Ugwy14evVyDjyfS6QbB4AaABAg,Techno Gamerz,Techno Gamerz|flagged,1.0606060606060606
s0305,Ugw6XGiE81rWuSptRax4AaABAg,Total Gaming,Total Gaming|flagged,1.0
s0306,UgxtVDwO9HNZ2-2lq5N4AaABAg,Gyan Gaming,Gyan Gaming|not flagged,2.609375
s0307,UgzHh-GNsWt79gh7xfd4AaABAg,Gyan Gaming,Gyan Gaming|not flagged,2.609375
s0308,UgyCXEHdJVxh_deUWKV4AaABAg,Techno Gamerz,Techno Gamerz|not flagged,74.71641791044776
s0309,Ugw9P38fsq0M7VKy_g54AaABAg,Gyan Gaming,Gyan Gaming|not flagged,2.609375
s0310,Ugwal-pMUWMv4KBmith4AaABAg,Gyan Gaming,Gyan Gaming|not flagged,2.609375
s0311,UgwXbTBg5X13LrKZR2h4AaABAg,Total Gaming,Total Gaming|not flagged,67.52702702702703
s0312,Ugwp9meLjuWIfN9j9dt4AaABAg,Total Gaming,Total Gaming|flagged,1.0
s0313,UgwbVn60UEYbrJPz7b54AaABAg,Total Gaming,Total Gaming|not flagged,67.52702702702703
s0314,UgzC9L9djC84gtGOBGh4AaABAg,Total Gaming,Total Gaming|flagged,1.0
s0315,UgxRxYh1Q2dC1iXWlZN4AaABAg,Gyan Gaming,Gyan Gaming|not flagged,2.609375
s0316,UgwPtwDaVFMDlQ8seFp4AaABAg,Total Gaming,Total Gaming|flagged,1.0
s0317,Ugw6NuxUGip9Pr-hDkZ4AaABAg,Total Gaming,Total Gaming|flagged,1.0
s0318,Ugx92h1GDeLMXcETISJ4AaABAg,Gyan Gaming,Gyan Gaming|not flagged,2.609375
s0319,Ugy8MBr5b_-mJFzK0_54AaABAg,Techno Gamerz,Techno Gamerz|flagged,1.0606060606060606
s0320,UgxtO1m_BzRfoW-EdbJ4AaABAg,Gyan Gaming,Gyan Gaming|not flagged,2.609375
s0321,Ugyq2IWu_HtvFZv3jPx4AaABAg,Total Gaming,Total Gaming|not flagged,67.52702702702703
s0322,UgzCqc2mZpdOFo2-5hV4AaABAg,Gyan Gaming,Gyan Gaming|not flagged,2.609375
s0323,UgwJN4fH-BeWZAIBOGd4AaABAg,Gyan Gaming,Gyan Gaming|not flagged,2.609375
s0324,UgyzBYAFHpdBRsTa4NF4AaABAg,Total Gaming,Total Gaming|flagged,1.0
s0325,Ugwc0I9QkcR96hWddBp4AaABAg,Gyan Gaming,Gyan Gaming|not flagged,2.609375
s0326,UgxcumPFHwca7LZKpvF4AaABAg,Techno Gamerz,Techno Gamerz|not flagged,74.71641791044776
s0327,UgzKBMrQUGMsv50GIL54AaABAg,Total Gaming,Total Gaming|not flagged,67.52702702702703
s0328,UgydI6I1fH6SUfg9_714AaABAg,Gyan Gaming,Gyan Gaming|not flagged,2.609375
s0329,UgyNbzLP4d2_i9In8dF4AaABAg,Gyan Gaming,Gyan Gaming|not flagged,2.609375
s0330,Ugw0E2Kfz0ASsHMUGzt4AaABAg,Gyan Gaming,Gyan Gaming|not flagged,2.609375
s0331,UgwLq6OGj5QFJRdlELF4AaABAg,Gyan Gaming,Gyan Gaming|not flagged,2.609375
s0332,UgxUEIn6oTEHdWiDUGp4AaABAg,Total Gaming,Total Gaming|not flagged,67.52702702702703
s0333,UgwGusamy-q4-NYa6DF4AaABAg,Techno Gamerz,Techno Gamerz|not flagged,74.71641791044776
s0334,UgxAvZ3jHXWSAfbBNIN4AaABAg,Total Gaming,Total Gaming|not flagged,67.52702702702703
s0335,UgzQ_EVtEM1HeSwB04V4AaABAg,Total Gaming,Total Gaming|flagged,1.0
s0336,UgwG_8PtgD0xDNeRnPN4AaABAg,Gyan Gaming,Gyan Gaming|not flagged,2.609375
s0337,Ugwp_fnIW1m0R0JkUDN4AaABAg,Gyan Gaming,Gyan Gaming|not flagged,2.609375
s0338,Ugw9uEuNv_83svZrGY54AaABAg,Total Gaming,Total Gaming|not flagged,67.52702702702703
s0339,Ugwf38n48LZIT0vdx0p4AaABAg,Gyan Gaming,Gyan Gaming|flagged,1.0
s0340,UgwxtiTgvr3rXjfR1t54AaABAg,Gyan Gaming,Gyan Gaming|not flagged,2.609375
s0341,UgzsBL5shvPdnIx69R54AaABAg,Techno Gamerz,Techno Gamerz|not flagged,74.71641791044776
s0342,Ugwf6g9WAiFeK3LKENB4AaABAg,Total Gaming,Total Gaming|not flagged,67.52702702702703
s0343,UgyQM-98Hwhy4TyquYJ4AaABAg,Techno Gamerz,Techno Gamerz|flagged,1.0606060606060606
s0344,UgwwXEMFoBNLflEeji14AaABAg,Techno Gamerz,Techno Gamerz|not flagged,74.71641791044776
s0345,Ugy4wWQJo8oIQ-Fe6nB4AaABAg,Techno Gamerz,Techno Gamerz|not flagged,74.71641791044776
s0346,UgzOp4dkQaJ1yb3z-AB4AaABAg,Total Gaming,Total Gaming|not flagged,67.52702702702703
s0347,UgzaMmizgvVhRcOwftl4AaABAg,Techno Gamerz,Techno Gamerz|flagged,1.0606060606060606
s0348,UgyJUZYCWcqNEKIRgoN4AaABAg,Total Gaming,Total Gaming|flagged,1.0
s0349,UgzC02WalyRaH8y-ZD94AaABAg,Total Gaming,Total Gaming|flagged,1.0
s0350,UgxWlOgukwGWLpyCK4Z4AaABAg,Techno Gamerz,Techno Gamerz|not flagged,74.71641791044776
s0351,UgyeOm7vlvzK6LGA7Y94AaABAg,Gyan Gaming,Gyan Gaming|not flagged,2.609375
s0352,Ugyv7jkXj8zLaD4odF94AaABAg,Total Gaming,Total Gaming|flagged,1.0
s0353,Ugxioq3IRA3ZFAxaqNl4AaABAg,Gyan Gaming,Gyan Gaming|not flagged,2.609375
s0354,UgxYpHeMbYTYNe5ZmmF4AaABAg,Techno Gamerz,Techno Gamerz|not flagged,74.71641791044776
s0355,UgxwI1-D_FulbhA5TJp4AaABAg,Gyan Gaming,Gyan Gaming|not flagged,2.609375
s0356,Ugxq_2AUtLtNbca5Jfx4AaABAg,Total Gaming,Total Gaming|not flagged,67.52702702702703
s0357,UgxKB9Jrs4pqzc3GwYF4AaABAg,Techno Gamerz,Techno Gamerz|flagged,1.0606060606060606
s0358,UgxEIJItnOsxeJyftBx4AaABAg,Techno Gamerz,Techno Gamerz|not flagged,74.71641791044776
s0359,UgxpAmIp6O3_Veh-OeJ4AaABAg,Total Gaming,Total Gaming|not flagged,67.52702702702703
s0360,Ugxcy5v2ZocOUMtaqKZ4AaABAg,Total Gaming,Total Gaming|not flagged,67.52702702702703
s0361,UgwriKjAJhlklZrDDyB4AaABAg,Techno Gamerz,Techno Gamerz|flagged,1.0606060606060606
s0362,Ugzb_1D9X9Zdw4tTweF4AaABAg,Total Gaming,Total Gaming|not flagged,67.52702702702703
s0363,Ugwm_j_iP_f1iFpVaMp4AaABAg,Techno Gamerz,Techno Gamerz|flagged,1.0606060606060606
s0364,Ugxa34BYjQ9xjIU0k2d4AaABAg,Techno Gamerz,Techno Gamerz|not flagged,74.71641791044776
s0365,Ugwal-pMUWMv4KBmith4AaABAg.AbB92yPjwcbAbE7UqPYeDr,Gyan Gaming,Gyan Gaming|not flagged,2.609375
s0366,UgzQg2o2zfTZpjosjsF4AaABAg,Techno Gamerz,Techno Gamerz|not flagged,74.71641791044776
s0367,UgyCNcrnHdF93JnxWnd4AaABAg.Ab3SKkPjYA9Ab3ULuNNans,Total Gaming,Total Gaming|not flagged,67.52702702702703
s0368,UgwyidvsICuKjxVd3Od4AaABAg,Total Gaming,Total Gaming|flagged,1.0
s0369,Ugy1N_rA5Kx80Kthstl4AaABAg,Techno Gamerz,Techno Gamerz|flagged,1.0606060606060606
s0370,Ugzt29n-wf0iR4gfPX14AaABAg,Techno Gamerz,Techno Gamerz|not flagged,74.71641791044776
s0371,Ugwx7cD7Vw99Vz7zXWp4AaABAg,Gyan Gaming,Gyan Gaming|not flagged,2.609375
s0372,UgyfGTtE4DkvZaW3KwZ4AaABAg,Techno Gamerz,Techno Gamerz|flagged,1.0606060606060606
s0373,UgzL77DYPHpsfv0ULU94AaABAg,Techno Gamerz,Techno Gamerz|flagged,1.0606060606060606
s0374,UgxTF6yGCN86Viz7xVF4AaABAg,Total Gaming,Total Gaming|flagged,1.0
s0375,UgxgSjk16DhXkP4366J4AaABAg,Total Gaming,Total Gaming|not flagged,67.52702702702703
s0376,Ugz8PGdT6cIFsfdsVj14AaABAg,Techno Gamerz,Techno Gamerz|flagged,1.0606060606060606
s0377,UgxRMAASUFiaIsfAslp4AaABAg,Gyan Gaming,Gyan Gaming|not flagged,2.609375
s0378,UgyjR2NAD4FiDkmd7KR4AaABAg,Total Gaming,Total Gaming|flagged,1.0
s0379,UgyWNnEHp7khnoFxXA94AaABAg,Gyan Gaming,Gyan Gaming|not flagged,2.609375
s0380,UgztnBZHvCQTZ54YVON4AaABAg,Techno Gamerz,Techno Gamerz|not flagged,74.71641791044776
s0381,UgzWWf0iWJMvKAnH87h4AaABAg,Total Gaming,Total Gaming|flagged,1.0
s0382,UgxhYkWeUQtX0gyzks54AaABAg.AaqrEbzN9RtAavbBAzRS4N,Gyan Gaming,Gyan Gaming|not flagged,2.609375
s0383,UgzHRBEIbBhDeKZ-4qp4AaABAg,Gyan Gaming,Gyan Gaming|flagged,1.0
s0384,UgxP-bFfbPO_b1QoGx54AaABAg,Gyan Gaming,Gyan Gaming|not flagged,2.609375
s0385,UgzpTxN0hEbar-WmKiN4AaABAg,Techno Gamerz,Techno Gamerz|flagged,1.0606060606060606
s0386,UgxPEdEb6KwgveQdT3x4AaABAg,Techno Gamerz,Techno Gamerz|not flagged,74.71641791044776
s0387,UgyU7niV1vIVCx5LGMR4AaABAg,Gyan Gaming,Gyan Gaming|not flagged,2.609375
s0388,Ugwl3ftX6tE5AFoByo94AaABAg,Total Gaming,Total Gaming|not flagged,67.52702702702703
s0389,UgxFEnClcc_aPeWpJil4AaABAg,Total Gaming,Total Gaming|not flagged,67.52702702702703
s0390,UgwCKsfVKGthGvXzRIJ4AaABAg,Gyan Gaming,Gyan Gaming|not flagged,2.609375
s0391,Ugxh3iyY00aLjr3qqCV4AaABAg,Gyan Gaming,Gyan Gaming|not flagged,2.609375
s0392,Ugzw8OoF7Kzt7tooK_t4AaABAg,Techno Gamerz,Techno Gamerz|flagged,1.0606060606060606
s0393,Ugxzk_zFOb3kbzTLLpZ4AaABAg,Total Gaming,Total Gaming|not flagged,67.52702702702703
s0394,Ugw5dajNRzCH2uwJBG54AaABAg,Gyan Gaming,Gyan Gaming|not flagged,2.609375
s0395,UgyFBfxr2LwquzyVxBZ4AaABAg,Techno Gamerz,Techno Gamerz|not flagged,74.71641791044776
s0396,Ugw96BrkPG6UOCgyGlx4AaABAg,Gyan Gaming,Gyan Gaming|not flagged,2.609375
s0397,UgxTrj9ZYQpGBuBPHPF4AaABAg,Gyan Gaming,Gyan Gaming|not flagged,2.609375
s0398,UgzGyF2_LvgciDzMFlR4AaABAg,Techno Gamerz,Techno Gamerz|flagged,1.0606060606060606
s0399,Ugz9InbPxdSLgRjSYmV4AaABAg,Techno Gamerz,Techno Gamerz|flagged,1.0606060606060606
